Names,Twittername,Party,Region
Margrethe Vestager,vestager,Radikale Venstre,UNKNOWN
Lars L√∏kke Rasmussen,larsloekke,Venstre,sj√¶lland
Morten √òstergaard,oestergaard,Radikale Venstre,midtjylland
Pernille Skipper,PSkipperEL,Enhedslisten,hovedstadan
Ida Auken,IdaAuken,Radikale Venstre,hovedstadan
Kristian Jensen,Kristian_Jensen,Venstre,midtjylland
Uffe Elbaek,uffeelbaek,UNKNOWN,UNKNOWN
S√∏ren Pape Poulsen,SorenPape,Det Konservative Folkeparti,midtjylland
Pia Olsen Dyhr,PiaOlsen,Socialistisk Folkeparti,hovedstadan
Magnus Heunicke,Heunicke,Socialdemokratiet,sj√¶lland
Sofie CarstenNielsen,sofiecn,UNKNOWN,UNKNOWN
Statsministeriet,Statsmin,Venstre,UNKNOWN
Regeringen,regeringDK,Government,Government
Brian Holm,brianholm1962,UNKNOWN,UNKNOWN
Simon Emil Ammitzb√∏ll-Bille,ammitzbollbille,Uden for folketingsgrupperne,hovedstadan
Jakob Ellemann-Jensen,JakobEllemann,Venstre,midtjylland
Dan J√∏rgensen,DanJoergensen,Socialdemokratiet,syddanmark
Denmark MFA üá©üá∞,DanishMFA,UNKNOWN,UNKNOWN
Mattias Tesfaye,mattiastesfaye,Socialdemokratiet,hovedstadan
Rosenkrantz-Theil,RosenkrantzT,Socialdemokratiet,UNKNOWN
Ellen Trane N√∏rby,EllenTraneNorby,Venstre,syddanmark
Morten Messerschmidt,MrMesserschmidt,Dansk Folkeparti,hovedstadan
Frank Jensen,FrankJensenKBH,Socialdemokratiet,UNKNOWN
Sophie L√∏hde,sophieloehde,Venstre,hovedstadan
Tommy Ahlers,aahlers,Venstre,hovedstadan
Martin Lidegaard,martinlidegaard,Radikale Venstre,hovedstadan
Karen Melchiorüò∑üßºüá™üá∫,karmel80,UNKNOWN,UNKNOWN
Zenia Stampe,zeniastampe,Radikale Venstre,sj√¶lland
Astrid Krag,Astridkrag,Socialdemokratiet,sj√¶lland
Benny Engelbrecht,BennyEngelbrech,Socialdemokratiet,syddanmark
Rasmus Jarlov,RasmusJarlov,Det Konservative Folkeparti,hovedstadan
Peter Hummelgaard,PHummelgaard,Socialdemokratiet,hovedstadan
Jan E. J√∏rgensen,JanEJoergensen,Venstre,hovedstadan
Karsten Lauritzen,StemLAURITZEN,Venstre,nordjylland
Mogens Jensen,MogensJensenS,Socialdemokratiet,midtjylland
Mette Abildgaard,metteabildgaard,Det Konservative Folkeparti,hovedstadan
Morten B√∏dskov,mfMorten,Socialdemokratiet,hovedstadan
Kristian Thulesen Dahl,Kristianthdahl,Dansk Folkeparti,syddanmark
Rasmus Prehn,RasmusPrehn,Socialdemokratiet,nordjylland
Alex Vanopslagh,AlexVanopslagh,Liberal Alliance,midtjylland
Per Clausen,PerClausen3,Enhedslisten,nordjylland
Jacob Mark,jacobmark_sf,Socialistisk Folkeparti,sj√¶lland
Mai Mercado,_MaiMercado,Det Konservative Folkeparti,syddanmark
Jesper Petersen,Jesper_Pet,Socialdemokratiet,syddanmark
Peter Skaarup,skaarup_df,Dansk Folkeparti,hovedstadan
Nikolaj Villumsen,nvillumsen,Enhedslisten,UNKNOWN
Trine Bramsen,Trinebramsen,Socialdemokratiet,syddanmark
Pernille Vermund,PernilleVermund,Nye Borgerlige,syddanmark
Henrik Sass,SosseSass,Socialdemokratiet,UNKNOWN
Margrete Auken,MargreteAuken,Socialistisk Folkeparti,UNKNOWN
Jens Rohde,rohde_jens,Radikale Venstre,hovedstadan
Mette Gjerskov,MetteGjerskov,Socialdemokratiet,sj√¶lland
Lotte Rod,LotteRod,Radikale Venstre,syddanmark
Morten Helveg,mortenhelveg,Radikale Venstre,UNKNOWN
Uddannelses- og Forskningsministeriet,UFM_MIN,Government,government
S√∏ren Espersen,espersendf,Dansk Folkeparti,sj√¶lland
Ole Birk Olesen,olebirkolesen,Liberal Alliance,midtjylland
Pia Kj√¶rsgaard,Pia_Kjaersgaard,Dansk Folkeparti,hovedstadan
Rosa Lund,RosaLundEl,Enhedslisten,hovedstadan
Lisbeth Bech-Nielsen,LisbethBNielsen,Socialistisk Folkeparti,nordjylland
rasmus nordqvist üè≥Ô∏è‚Äçüåà,rasmusnordqvist,UNKNOWN,UNKNOWN
Sophie H. Andersen,SophieHAndersen,UNKNOWN,UNKNOWN
Jeppe Kofod,JeppeKofod,Socialdemokratiet,UNKNOWN
Ane Halsboe,AneHalsboe,Socialdemokratiet,UNKNOWN
Christel Schaldemose,SchaldemoseMEP,Socialdemokratiet,UNKNOWN
Finansministeriet,Finansmin,Government,government
Morten L√∏kkegaard,Loekkegaard_MEP,Venstre,UNKNOWN
Jakob Engel-Schmidt,engelschmidt,Venstre,UNKNOWN
Simon Kollerup,simonkollerup,Socialdemokratiet,nordjylland
Kristian Hegaard,KHegaard,Radikale Venstre,hovedstadan
Karsten H√∏nge,khoenge,Socialistisk Folkeparti,syddanmark
Jens Joel,Jens_Joel,Socialdemokratiet,midtjylland
Erhvervsministeriet,Erhvervs_min,Government,government
Sundheds- og √Üldreministeriet,DKsundhed,Government,government
Torsten Schack,Torstenschack,Venstre,UNKNOWN
Ulla T√∏rn√¶s,Ulla_Tornaes,Venstre,syddanmark
Rasmus Horn Langhoff,rasmushorn,Socialdemokratiet,sj√¶lland
Michael Aastrup Jensen,michaelaastrup,Venstre,midtjylland
Peter Kofod(DF),KofodPeter,UNKNOWN,UNKNOWN
Milj√∏ministeriet,miljoemin,Government,government
Naser Khader,naserkhaderdk,Det Konservative Folkeparti,sj√¶lland
Henrik Dahl,SociologenHD,Liberal Alliance,syddanmark
Liselott Blixt,Blixt22,Dansk Folkeparti,sj√¶lland
Troels Lund Poulsen,troelslundp,Venstre,midtjylland
Nicolai Wammen,NWammen,Socialdemokratiet,midtjylland
Lars Chr. Lilleholt,larsclilleholt,UNKNOWN,UNKNOWN
Andreas Steenberg,a_steenberg,Radikale Venstre,midtjylland
Stinus Lindgreen,stinuslindgreen,Radikale Venstre,hovedstadan
Niko Gr√ºnfeld,nikogrunfeld,Uden for folketingsgrupperne,hovedstadan
Lea Wermelin,LeaWermelin,Socialdemokratiet,hovedstadan
Kaare Dybvad,KaareDybvad,Socialdemokratiet,UNKNOWN
Benedikte Ki√¶r,benediktekiaer,Det Konservative Folkeparti,UNKNOWN
Jacob Bundsgaard,JBundsgaard,Socialdemokratiet,midtjylland
K√•re Traberg Smidt,kaaretraberg,Uden for folketingsgrupperne,hovedstadan
Karen Ellemann,EllemannKaren,Venstre,hovedstadan
Laura Lindahl,lauralindahl,Liberal Alliance,UNKNOWN
EU-Parlamentet i DK,EPiDanmark,UNKNOWN,UNKNOWN
Marianne Jelved,mariannejelved,Radikale Venstre,nordjylland
Forsvarsministeriet/Danish MoD,Forsvarsmin,Government,government
Kulturministeriet,Kulturmin,Government,government
Bertel Haarder,BHaarder,Venstre,sj√¶lland
Mads Fuglede,madsfuglede,Venstre,UNKNOWN
Klimaministeriet,KlimaMin,Government,government
Rasmus Helveg,rasmushelveg,Radikale Venstre,UNKNOWN
Samira Nawa,SamiraNawa,Radikale Venstre,hovedstadan
Joymogensen,Joymogensen,UNKNOWN,UNKNOWN
B√∏rne- og Undervisningsministeriet,UVM_dk,Government,government
Marie Krarup,MarieKrarup,Dansk Folkeparti,syddanmark
Kira M. Peter-Hansen,Kira_MPH,UNKNOWN,UNKNOWN
Hans Andersen,HansAndersenV,Venstre,hovedstadan
Jane Heitmann,JaneHeitmann,Venstre,syddanmark
Lone Loklindt,LoneLoklindt,Radikale Venstre,UNKNOWN
Christina Krzyrosiak Hansen,CKrzyrosiak,UNKNOWN,UNKNOWN
Villy S√∏vndal,villysoevndal,Socialistisk Folkeparti,UNKNOWN
Jacob Jensen,jacobjensenMF,Venstre,sj√¶lland
Fatma √òktem,fatmaoektem,Venstre,midtjylland
Torsten Gejl,TorstenGejl,Alternativet,midtjylland
Morten Dahlin,MortenDahlin,Venstre,sj√¶lland
Pernille Weiss,WeissPernille,UNKNOWN,UNKNOWN
Michael Ziegler,Mich_Ziegler,Det Konservative Folkeparti,UNKNOWN
Signe Munk,signe_munk,Socialistisk Folkeparti,midtjylland
Kenneth K. Berth,Kristensenberth,UNKNOWN,UNKNOWN
Carl Valentin,Carl__Valentin,Socialistisk Folkeparti,hovedstadan
Stephanie Lose,stephanie_lose,Venstre,UNKNOWN
Kirsten Normann,KirstenNormann,Socialistisk Folkeparti,UNKNOWN
Trine Sch√∏ning Torp,TrineTorp,Socialistisk Folkeparti,UNKNOWN
Jeppe Bruus,JeppeBruus,Socialdemokratiet,hovedstadan
Eva Kjer Hansen,EvaKjerHansen,Venstre,syddanmark
Karina Lorentzen D.,MF_K_Lorentzen,Socialistisk Folkeparti,UNKNOWN
Thomas Danielsen,ThDanielsen,Venstre,midtjylland
Camilla Schwalbe,CamillaSchwalbe,UNKNOWN,UNKNOWN
Louise Schack Elholm,LouiseElholm,Venstre,sj√¶lland
Kr. Pihl Lorentzen,kplorentzen,UNKNOWN,UNKNOWN
Simon Pihl S√∏rensen,Simonpihl,UNKNOWN,UNKNOWN
Sikandar Siddique,SikandaSIDDIQUE,Uden for folketingsgrupperne,hovedstadan
Mai Villadsen,MaiVilladsen,Enhedslisten,hovedstadan
Dennis Flydtkj√¶r,flydtkjaer,Dansk Folkeparti,midtjylland
Mette Thiesen,ThiesenMette,Nye Borgerlige,hovedstadan
Britt Bager,brittbager,Venstre,midtjylland
Christian Juhl,ChristianJuhl2,Enhedslisten,sj√¶lland
Kasper Sand Kj√¶r,SandKjaer,Socialdemokratiet,hovedstadan
Skatteministeriet,skmdk,Government,government
Anni Matthiesen,AnniMatthiesen,Venstre,syddanmark
Rune Lund,RuneLundEL,Enhedslisten,hovedstadan
Eva Flyvholm,EvaFlyvholm,Enhedslisten,sj√¶lland
Casper Hedegaard,Cspr_Hedegaard,UNKNOWN,UNKNOWN
Mona Juul,JuulMona,Det Konservative Folkeparti,midtjylland
Chr Rabjerg Madsen,RabjergMadsen,UNKNOWN,UNKNOWN
Karina Adsb√∏l,AdsbolAdsbl,Dansk Folkeparti,syddanmark
Hans Kristian Skibby,Hans_Kr_Skibby,Dansk Folkeparti,midtjylland
Rasmus Stoklund,RStoklund,Socialdemokratiet,hovedstadan
Christopher R√∏hl A.,RohlChristopher,UNKNOWN,UNKNOWN
Transport- og Boligministeriet,TRM_dk,Government,government
Linea S√∏gaard-Lidell,LineaLidell,UNKNOWN,UNKNOWN
Lars Krarup,krarup_lars,UNKNOWN,UNKNOWN
John Dyrby Paulsen,JohnDyrbyPaulse,Socialdemokratiet,UNKNOWN
Sisse Marie Welling,SisseMarieWe,Socialistisk Folkeparti,hovedstadan
Jakob S√∏lvh√∏j,JakobSoelvhoej,Enhedslisten,midtjylland
S√∏ren Gade,SoerenGade,Venstre,UNKNOWN
Leif Lahn Jensen,LahnLeif,Socialdemokratiet,midtjylland
Flemming M Mortensen,FlemmingMM,UNKNOWN,UNKNOWN
Niels Fuglsang,NielsFuglsang,UNKNOWN,UNKNOWN
Victoria Vel√°squez,VictoriaRV,UNKNOWN,UNKNOWN
Lars Boje Mathiesen,LBMathiesen,Nye Borgerlige,midtjylland
Ruben Kidde,rubenkidde,UNKNOWN,UNKNOWN
Jacob Bjerregaard,JaBjerregaard,Socialdemokratiet,UNKNOWN
Thomas Medom,thomasmedom,Socialistisk Folkeparti,midtjylland
S√∏ren S√∏ndergaard,SrenSndergaard3,Enhedslisten,hovedstadan
Tommy Petersen,TommyPetersenDK,Radikale Venstre,hovedstadan
Morten Marinus,MortenMarinus,Dansk Folkeparti,UNKNOWN
Marianne Vind,MarianneVind,UNKNOWN,UNKNOWN
Julie Skovsby,JulieSkovsby,Socialdemokratiet,syddanmark
Anne Marie Geisler,amgeisler,Radikale Venstre,UNKNOWN
Daniel Panduro,Danielpanduro,UNKNOWN,UNKNOWN
Gunvor Wibroe,GunvorWibroe,UNKNOWN,UNKNOWN
Jesper Christensen,jesper_bedreby,Socialdemokratiet,hovedstadan
Daniel Nyboe Andersen,danielnyboe,UNKNOWN,UNKNOWN
Marlene Harps√∏e üá©üá∞,MarleneHARPSOEE,UNKNOWN,UNKNOWN
MetteAnnelie,mette_annelie,UNKNOWN,UNKNOWN
Karin Friis Bach,karinFbach,UNKNOWN,UNKNOWN
Camilla Fabricius,CamFabricius,Socialdemokratiet,midtjylland
Lise Bech üá©üá∞ DF,LiseBech,UNKNOWN,UNKNOWN
Katrine Robs√∏e,KatrineRobsoe,Radikale Venstre,midtjylland
Peder Hvelplund,pederhvelplund,Enhedslisten,nordjylland
Ninna Hedeager Olsen,ninnahedeager,Enhedslisten,hovedstadan
Nikolaj B√∏gh,nikolajbogh,UNKNOWN,UNKNOWN
Social- og Indenrigsministeriet,Socialindenrigs,Government,government
Lars Gaardh√∏j,larsgaardhoj,Socialdemokratiet,UNKNOWN
Steen Christiansen,steen2620,UNKNOWN,UNKNOWN
Anne Ehrenreich,anneehrenreich,Venstre,UNKNOWN
MiaNyegaard,MiaNyegaard,UNKNOWN,UNKNOWN
Marie St√¶rke,mariestaerke,UNKNOWN,UNKNOWN
Annette Lind,annette_lind,Socialdemokratiet,midtjylland
Bj√∏rn Brandenborg,BjBrandenborg,Socialdemokratiet,syddanmark
Serdal Benli,SerdalBenli,Socialistisk Folkeparti,UNKNOWN
Thomas Gyldal,ThomasGyldal,UNKNOWN,UNKNOWN
Anne Paulin,Paulin_Anne,Socialdemokratiet,midtjylland
Ulrik Kohl,UlrikKohl,UNKNOWN,UNKNOWN
Peter Westermann,WestermannPeter,Socialistisk Folkeparti,UNKNOWN
Brigitte K. Jerkel,JerkelK,UNKNOWN,UNKNOWN
Jens-Kristian L√ºtken,lytken,Venstre,hovedstadan
Lars Aslan,lars_aslan,Socialdemokratiet,UNKNOWN
J√∏rn Pedersen,mayorkolding,UNKNOWN,UNKNOWN
Michael Vindfeldt,MVindfeldt,UNKNOWN,UNKNOWN
Winni Grosb√∏ll,wgrosboell,UNKNOWN,UNKNOWN
Astrid Car√∏e,AstridCaroee,Socialistisk Folkeparti,sj√¶lland
Caroline Stage,CarolineStage,UNKNOWN,UNKNOWN
Heino Knudsen (S),HeinoKnudsen,UNKNOWN,UNKNOWN
Anne Valentina Berthelsen,AnneValentina,Socialistisk Folkeparti,sj√¶lland
Anders K√ºhnau,AndersKuhnau,Socialdemokratiet,midtjylland
KatarinaAmmitzboell,Ammitzboell_K,UNKNOWN,UNKNOWN
Anne Sophie Callesen,FrkCallesen,Radikale Venstre,midtjylland
Susanne Zimmer,Susanne_Zimmer_,Uden for folketingsgrupperne,nordjylland
Martin Geertsen,GeertsenVenstre,Venstre,hovedstadan
ThomasKastrup-Larsen,KastrupLarsen,UNKNOWN,UNKNOWN
Rikke Lauritzen,rikkelau,UNKNOWN,UNKNOWN
J H Thulesen Dahl,JThulesen,UNKNOWN,UNKNOWN
Claus J√∏rgensen,clausjorgensen,UNKNOWN,UNKNOWN
Ulla Astman,UAstman,UNKNOWN,UNKNOWN
Pernille Bendixen,BendixenPebe,Dansk Folkeparti,syddanmark
Orla Hav,HavOrla,Socialdemokratiet,nordjylland
Daniel Rugholm,rugholm,Det Konservative Folkeparti,UNKNOWN
Erling Bonnesen,ErlingBonnesen,Venstre,syddanmark
Marie Bjerre,marie_bjerre,Venstre,nordjylland
Birgitte Bergman,BirgitteBergman,Det Konservative Folkeparti,hovedstadan
"St√©n Knuth, Idr√¶tsordf√∏rer Venstre",Sten_Knuth,UNKNOWN,UNKNOWN
Jonas Bj√∏rn Jensen,Jonasbjorn,Socialdemokratiet,hovedstadan
Tidligere √òkonomi- og Indenrigsministeriet,OIMdk,Government,government
Peter Juel Jensen,PeterJuelJensen,Venstre,UNKNOWN
Anders Kronborg,AndersKronborg,Socialdemokratiet,syddanmark
Troels Ravn,RavnTroels,Socialdemokratiet,syddanmark
Nick H√¶kkerup,Nickerup,Socialdemokratiet,hovedstadan
Martin Damm,martinldamm,UNKNOWN,UNKNOWN
Torben Hansen,TorbenHansenRds,Socialdemokratiet,UNKNOWN
Asger Christensen,AsgeriEU,Venstre,UNKNOWN
Susanne Eilersen,Eilersen_DF,Dansk Folkeparti,UNKNOWN
Anja C Jensen,AnjaCJensen,UNKNOWN,UNKNOWN
Kathrine Olldag,KathrineOlldag,Radikale Venstre,sj√¶lland
Erik H√∏gh-S√∏rensen,HoghSorensen,UNKNOWN,UNKNOWN
Franciska Rosenkilde,FranciskaRosenk,Alternativet,hovedstadan
Mette H. Dencker,dfmehd_mette,UNKNOWN,UNKNOWN
Aaja Chemnitz Larsen,AajaCL,Inuit Ataqatigiit,UNKNOWN
Villum Christensen,VillumC,Liberal Alliance,UNKNOWN
Sonja Marie Jensen,SonjaMJensen,UNKNOWN,UNKNOWN
Bo Nygaard Larsen,bonygaardlarsen,UNKNOWN,UNKNOWN
Maria Gudme,mariagudme,Socialdemokratiet,UNKNOWN
Steen Holm Iversen,steenHiversen,Liberal Alliance,UNKNOWN
B√ºnyamin Simsek,BSimsekV,Venstre,midtjylland
Per Larsen,PerLarsenC,Det Konservative Folkeparti,nordjylland
Peter Seier Christensen,peter_seier,Nye Borgerlige,sj√¶lland
Birgit S. Hansen,BirgitsHansen,UNKNOWN,UNKNOWN
Jacob Is√∏e Kl√¶rke,jacobklaerke,Socialistisk Folkeparti,midtjylland
Charlotte Riis Engelbrecht,CharlotteCre,UNKNOWN,UNKNOWN
Emil Bl√ºcher,emilblucher,UNKNOWN,UNKNOWN
Balder M√∏rk Andersen,sfBalder,UNKNOWN,UNKNOWN
Birgitte Vind,birgitte_vind,Socialdemokratiet,syddanmark
Tonni Hansen,Tonni_SF,Socialistisk Folkeparti,UNKNOWN
Per Olesen,polesenpolesen,UNKNOWN,UNKNOWN
Astrid Aller,AstridAller,Socialistisk Folkeparti,hovedstadan
Pernille Beckmann,PernilleBeckman,UNKNOWN,UNKNOWN
Christoffer Lilleholt,LilleholtC,Venstre,syddanmark
Anders Johansson,AJohanssonC,Det Konservative Folkeparti,UNKNOWN
Jakob Gorm,jakobgorm,UNKNOWN,UNKNOWN
Christoffer Melson,ChristofferMels,UNKNOWN,UNKNOWN
Fanny Broholm,FannyBroholm,Alternativet,hovedstadan
Merete Scheelsbeck,Scheelsbeck,Det Konservative Folkeparti,UNKNOWN
Niels Peter B√∏gballe,NPBogballe,UNKNOWN,UNKNOWN
Daniel Prehn,DanielPrehn1,UNKNOWN,UNKNOWN
Hanne Roed,HanneRoed,Radikale Venstre,midtjylland
Allan Ahmad,AllanAhmadDK,UNKNOWN,UNKNOWN
SusanneUrsulaCrawley,susanneursula,UNKNOWN,UNKNOWN
Halime Oguz,Halime9Oguz,Socialistisk Folkeparti,hovedstadan
Marc Perera Christensen,MarcPerera,UNKNOWN,UNKNOWN
Lasse Frimand Jensen,LasseFJaalborg,Socialdemokratiet,nordjylland
Lasse Hansen,Ls_Hansen,UNKNOWN,UNKNOWN
Kirsten Rask,KirstenRask,Socialdemokratiet,sj√¶lland
Jens Mandrup,jensmandrup,Socialistisk Folkeparti,UNKNOWN
Flemming Pless,Fpless,Socialdemokratiet,UNKNOWN
Flemming Damgaard,FlemmingDL,Venstre,UNKNOWN
Orla √òsterby,orlaosterby,Det Konservative Folkeparti,midtjylland
Hans Christian Schmidt,HaChrSchmidt,Venstre,syddanmark
Heidi Bank,bankHeidi,Venstre,midtjylland
Camilla Pedersen,camillalouped,UNKNOWN,UNKNOWN
Marlene Ambo-Rasmussen,MarleneAmbo,Venstre,syddanmark
Lisbeth Lauritsen,L_Lauritsen,Socialdemokratiet,nordjylland
Daniel Toft Jakobsen,ToftJakobsen,Socialdemokratiet,midtjylland
Niels E. Bjerrum,NielsBjerrum,Socialdemokratiet,hovedstadan
Henrik Hvidesten,HenrikHvidesten,UNKNOWN,UNKNOWN
Lene Horsb√∏l,LeneHorsboel,Venstre,midtjylland
Steen Wrist √òrts,steenwrist,UNKNOWN,UNKNOWN
Carl Andersen,CarlAndersenLA,UNKNOWN,UNKNOWN
Charlotte Lund,CharlotteLundDi,Enhedslisten,hovedstadan
Mogens Gade,MogensGade,UNKNOWN,UNKNOWN
Jonathan SH. Nielsen,JonathanNielsen,UNKNOWN,UNKNOWN
Kristian Guldfeldt,Guldfeldt,Det Konservative Folkeparti,syddanmark
Jesper F. Rasmussen,Jesperfr,UNKNOWN,UNKNOWN
LoneYalcinkaya,LoneYalcinkaya,UNKNOWN,UNKNOWN
Jakob Lose,Jakob_Lose,UNKNOWN,UNKNOWN
Brian Dybro,BrianDybro,Socialistisk Folkeparti,syddanmark
Morten Jung,mortenjung,UNKNOWN,UNKNOWN
Leon Sebbelin,LeonSebbelin,UNKNOWN,UNKNOWN
Sine Heltberg,sineheltberg,UNKNOWN,UNKNOWN
Karoline Vind,KarolineVind,Socialistisk Folkeparti,UNKNOWN
Simon Simonsen,simonsjsimonsen,Socialdemokratiet,hovedstadan
Niels Flemming Hansen,NielsFlemming01,Det Konservative Folkeparti,syddanmark
Malte Larsen,MalteLarsen,Socialdemokratiet,midtjylland
Marcus Vesterager,marvesterager,Socialdemokratiet,hovedstadan
Merete Due Paarup,MereteDuePaarup,UNKNOWN,UNKNOWN
Kim Valentin,kimvalentinDK,Venstre,hovedstadan
Jesper Kiel,jesperkiel,Enhedslisten,UNKNOWN
Maria Sloth,MariaSloth,UNKNOWN,UNKNOWN
Carsten Kissmeyer,CKissmeyer,Venstre,midtjylland
Sofie Seidenfaden,SeidenfadenSof,Socialdemokratiet,hovedstadan
Lasse P. N. Olsen,LassePNO,UNKNOWN,UNKNOWN
Anne Honor√© √òstergaard,AnneStergaa,Venstre,nordjylland
Rasmus Foged,FogedRasmus,Alternativet,midtjylland
Annika Smith,annika_smith,Socialistisk Folkeparti,hovedstadan
Kristian N√∏rgaard,Knorgaardenn,Venstre,UNKNOWN
Andreas Boesen,AndreasBoesen,UNKNOWN,UNKNOWN
Annette Roed,RoedAnnette,Socialdemokratiet,midtjylland
√ñzkan Kocak,O76kocak,Socialdemokratiet,UNKNOWN
Niels H√∂rup (V),nielshorup,UNKNOWN,UNKNOWN
Kasper Fuhr,KasperFuhr,UNKNOWN,UNKNOWN
Christian Donatzky,donatzky,UNKNOWN,UNKNOWN
Rose Sloth Hansen,RoseSHansen,Socialdemokratiet,nordjylland
Latifa Lj√∏rring,Latifa_Venstre,UNKNOWN,UNKNOWN
Anders Broholm,andersbroholm,Venstre,UNKNOWN
Rune H√∏jer,RuneHojer,UNKNOWN,UNKNOWN
Bjarne Laustsen,Bjarne_Laustsen,Socialdemokratiet,nordjylland
Kurt Damsted,KurtDamsted,UNKNOWN,UNKNOWN
Tim Vermund,TimVermund,UNKNOWN,UNKNOWN
Johan Br√∏dsgaard,JBroedsgaard,UNKNOWN,UNKNOWN
Glen Madsen,GlenMadsen,UNKNOWN,UNKNOWN
Michael Vajh√∏j,roadhigh,UNKNOWN,UNKNOWN
Helle Adelborg,AdelborgHelle,UNKNOWN,UNKNOWN
Helle Bonnesen (C),Helle_Bonnesen,UNKNOWN,UNKNOWN
Jeppe Trolle,JeppeTrolle,UNKNOWN,UNKNOWN
Chr. Wedell-Neegaard,StemChristian,UNKNOWN,UNKNOWN
Rasmus Norup,RasmusNorupC,UNKNOWN,UNKNOWN
Qasam Nazir Ahmad,qasamnahmad,UNKNOWN,UNKNOWN
Steen Hasselriis,steenhasselriis,UNKNOWN,UNKNOWN
Fasael Rehman,FasaelRehman,UNKNOWN,UNKNOWN
Klaus Mygind,Klausmygind,Socialistisk Folkeparti,hovedstadan
Stephan Kleinschmidt,KleinschmidtDK,UNKNOWN,UNKNOWN
Heidi Wang,heidiwangdk,Venstre,hovedstadan
Christian Br√∏ns,BroensChristian,UNKNOWN,UNKNOWN
Thomas Krarup,ThomasKrarup,UNKNOWN,UNKNOWN
John Engelhardt,john_Engelhardt,UNKNOWN,UNKNOWN
Claus Houden,ClausHouden,Venstre,syddanmark
Elisabeth Ildal,elisabeth_ildal,UNKNOWN,UNKNOWN
Torben Lollike,torbenlollike,UNKNOWN,UNKNOWN
Gert Bjerregaard,GertBjerregaard,Venstre,midtjylland
Kisser Franciska,KisserFLehnert,Uden for folketingsgrupperne,UNKNOWN
Mark Grossmann,MarkGrossmannV,Venstre,syddanmark
Peter S√∏rensen,PeterSHorsens,UNKNOWN,UNKNOWN
Hans Toft,htgentofte,Det Konservative Folkeparti,UNKNOWN
Jan Johansen,janjohansen16,Socialdemokratiet,syddanmark
Camilla Hove Lund,hovelund,Venstre,sj√¶lland
Karina Vesterg√•rd,karinaehl,UNKNOWN,UNKNOWN
Jeanne Toxv√¶rd,FruToxic,UNKNOWN,UNKNOWN
S√∏ren Steen Andersen,sor1steenupdate,UNKNOWN,UNKNOWN
Mogens Vad,MogensVad,UNKNOWN,UNKNOWN
Steen B. Andersen,SteenBAndersen,UNKNOWN,UNKNOWN
Klaus Markussen,klausmarkussen,Venstre,UNKNOWN
Julie Gottschalk,JulieG0ttschalk,UNKNOWN,UNKNOWN
Timo Jensen,Timo67,UNKNOWN,UNKNOWN
Bodil Kornbek,BodilKornbek,Socialdemokratiet,UNKNOWN
S√∏ren Rasmussen,SorenRasmussenO,Dansk Folkeparti,UNKNOWN
Poul V. Jensen,poulvjensen,UNKNOWN,UNKNOWN
Jens Ive,JiJens,UNKNOWN,UNKNOWN
Kasandra Behrndt,kasandrabehrndt,UNKNOWN,UNKNOWN
Susan Kjeldgaard,SusanKjeldgaar,UNKNOWN,UNKNOWN
ango winther,AngoWinther,UNKNOWN,UNKNOWN
Martin Bech,MartinNbech,UNKNOWN,UNKNOWN
Michael Krogh,micskro,UNKNOWN,UNKNOWN
Jeppe Lindberg,jeppelindberg,UNKNOWN,UNKNOWN
Laura Rosenvinge,LauraRosenvinge,Socialdemokratiet,hovedstadan
Marco Oehlenschl√§ger,OehlenschlagerM,UNKNOWN,UNKNOWN
KARIN S√òJBERG HOLST,holst_karin,UNKNOWN,UNKNOWN
Christine Dal,DalChristine,UNKNOWN,UNKNOWN
Torben Elsig,TorbenElsig,UNKNOWN,UNKNOWN
Per Zeidler,PerZeidler,UNKNOWN,UNKNOWN
Mette Engelbrecht,Mettengelbrecht,UNKNOWN,UNKNOWN
Hjalte Daniel Hansen,hjaltedaniel,UNKNOWN,UNKNOWN
Anders Winnerskjold,Winnerskjold,Socialdemokratiet,midtjylland
Hans J√∏rgen Hansen,HansJHans,UNKNOWN,UNKNOWN
Jan Ravn Christensen,JanRavnC,Socialistisk Folkeparti,midtjylland
Simon Strange,stemstrange,Socialdemokratiet,hovedstadan
Trine Madsen,trinmads,Socialdemokratiet,hovedstadan
Trine Gr√¶se,TrineGraese,UNKNOWN,UNKNOWN
Mads Andersen,MadsAndersenC,UNKNOWN,UNKNOWN
Sjurdur Skaale,SSkaale,UNKNOWN,UNKNOWN
S√∏ren Rish√∏j Jakobsen,sorijak,UNKNOWN,UNKNOWN
Dennis Schmock,DennisSchmock,UNKNOWN,UNKNOWN
Maria Baag√∏e Bove,MariaBaagoeBove,UNKNOWN,UNKNOWN
Louise Feilberg,FeilbergLouise,UNKNOWN,UNKNOWN
Anne Jeremiassen,Flipitorflop,UNKNOWN,UNKNOWN
Rikke Mortensen,RikkeMortensen4,UNKNOWN,UNKNOWN
Jesper Bitsch Bierbaum,bitschbierbaum,UNKNOWN,UNKNOWN
Mette Bossen Linnet,Mette_Linnet,Venstre,UNKNOWN
Tanja Larsson,LarssonTanja,Socialdemokratiet,sj√¶lland
Bo Vesth,bo_vesth,UNKNOWN,UNKNOWN
Miki Dam Larsen,mikidamlarsen,UNKNOWN,UNKNOWN
Jesper Clausson (S),StemClausson,UNKNOWN,UNKNOWN
Mads Duedahl,mads_duedahl,Venstre,nordjylland
Susan Kronborg,kronborgsusan,UNKNOWN,UNKNOWN
Kristoffer H Storm,HjortStorm,UNKNOWN,UNKNOWN
Daniel Borup,DanielBorup,UNKNOWN,UNKNOWN
Githa Nelander,GithaNelander,Dansk Folkeparti,UNKNOWN
Thomas Andresen,tand22927504,UNKNOWN,UNKNOWN
S√∏ren Hillers,hillers_s,UNKNOWN,UNKNOWN
Ole Vive,OleVive,UNKNOWN,UNKNOWN
s√∏ren brink,brinkjammerbugt,UNKNOWN,UNKNOWN
Ole Bondo Christense,olebondo,UNKNOWN,UNKNOWN
line ervolder,lineervolder,UNKNOWN,UNKNOWN
Bodil S√∏,BodilSoe,Venstre,sj√¶lland
Maja Torp,MajaTorpAalborg,Venstre,nordjylland
Tina French Nielsen,TinaFrench71,Venstre,nordjylland
Jan Wammen,janwammen,UNKNOWN,UNKNOWN
Benny Dall,BennyDall,UNKNOWN,UNKNOWN
Claus Kjeldsen,ClausKjeldsen,Socialdemokratiet,midtjylland
Tidligere konto MBLIS,M_BLIS,UNKNOWN,UNKNOWN
Torben Overgaard,OvergaardTorben,UNKNOWN,UNKNOWN
Kasper Glyng√∏,KasGly,UNKNOWN,UNKNOWN
Mikael Smed,Mikaelsmed,UNKNOWN,UNKNOWN
Steen Vindum,vindum,UNKNOWN,UNKNOWN
Maja Krog,KrogMaja,UNKNOWN,UNKNOWN
S√∏ren Kusk,s_kusk,Socialdemokratiet,nordjylland
Tage Nielsen,8464tage,UNKNOWN,UNKNOWN
K√•re Harder Olesen,HarderOlesen,UNKNOWN,UNKNOWN
Gitte Simoni,Gittesimoni,Dansk Folkeparti,sj√¶lland
Henrik Moeller,HenrikMoeller2,UNKNOWN,UNKNOWN
Morten Slotved,SlotvedMorten,UNKNOWN,UNKNOWN
Claus Omann Jensen,CjOmann,UNKNOWN,UNKNOWN
Gorm Gunnarsen,GormGun,UNKNOWN,UNKNOWN
H.C. √òsterby,Oesterby,UNKNOWN,UNKNOWN
Rasmus Brask,rasmusbrask,UNKNOWN,UNKNOWN
Diana Mose Olsen,DianaMoseOlsen,UNKNOWN,UNKNOWN
Ida Damborg,DamborgIda,Socialistisk Folkeparti,UNKNOWN
Marianne Mathiesen,MarianneM_LA,UNKNOWN,UNKNOWN
S√∏ren Schow,soerenschow,UNKNOWN,UNKNOWN
Steffen M√∏lgaard,Steffen_Moel,UNKNOWN,UNKNOWN
Kristian Dyhr,krdyhr,UNKNOWN,UNKNOWN
Peter Mikkelsen,PeterMikkelsen4,UNKNOWN,UNKNOWN
Robert S√∏rensen,RobertGlostrup,UNKNOWN,UNKNOWN
Morten Andersen,MortenA41863685,UNKNOWN,UNKNOWN
Hans Holmer,HolmerHans,UNKNOWN,UNKNOWN
Anna Hede,AnnaMHC,Dansk Folkeparti,hovedstadan
William Sonne Kaal√∏,SonneKaaloe,UNKNOWN,UNKNOWN
Preben Friis-Hauge,FriisHauge,Venstre,UNKNOWN
Anne-Mette Ebensgaardüåπame@odense.dk Tel: 21327352,AnneEbensgaard,UNKNOWN,UNKNOWN
Tommy Hummelmose,TommyHummelmose,Det Konservative Folkeparti,syddanmark
Lone Hind√∏,LoneHind,Socialdemokratiet,midtjylland
Lars Hoppe S√∏e,hoppesoe,Radikale Venstre,sj√¶lland
Karen Sandrini,KarenSandrini,UNKNOWN,UNKNOWN
Sascha Qvortrup,perleberger,UNKNOWN,UNKNOWN
Otto Kj√¶r Larsen,otklar,UNKNOWN,UNKNOWN
S√∏ren Greve,SGHobro,UNKNOWN,UNKNOWN
peter duetoft,peterduetoft,Socialdemokratiet,UNKNOWN
Thomas Palmskov,TPalmskov,UNKNOWN,UNKNOWN
Kirstine van Sabben,KirstinevanSabb,UNKNOWN,UNKNOWN
Eik Dahl Bidstrup,EikBidstrup,UNKNOWN,UNKNOWN
Dan Arnl√∏v,DanArnloev,UNKNOWN,UNKNOWN
Mads Panny,MadsPanny,UNKNOWN,UNKNOWN
Rabih Azad-Ahmad,AzadRabih,Radikale Venstre,midtjylland
Sune Raunkj√¶r,SRaunkjr,UNKNOWN,UNKNOWN
Arne L√¶gaard,ArneLaegaard,Venstre,midtjylland
Karsten Uno Petersen,KarstenUno,Socialdemokratiet,UNKNOWN
Jakob Rixen,J_Rixen,Liberal Alliance,midtjylland
Ole Revsgaard Andersen,OleRevsgaard,Dansk Folkeparti,midtjylland
Flemming R√∏mer,flemse68,UNKNOWN,UNKNOWN
Mortensiig,mortensiig,UNKNOWN,UNKNOWN
PeterSkriverNielsen,Enthybo,UNKNOWN,UNKNOWN
Lars Mogensen,LarsMog,Enhedslisten,UNKNOWN
Dan Skjerning,SkjerningDan,UNKNOWN,UNKNOWN
Knud Holt Nielsen,Knuden1969,Enhedslisten,hovedstadan
Kristian Skov-Andersen,KristianSkov21,UNKNOWN,UNKNOWN
Ursula Dieterich,UDieterich,UNKNOWN,UNKNOWN
J√∏rgen Gaarde,JGaarde,UNKNOWN,UNKNOWN
Kirsten Devantier,KirstenDvantier,Venstre,sj√¶lland
Peder Udengaard,PederUdengaard,Socialdemokratiet,midtjylland
John Br√¶dder,Jobr0390,UNKNOWN,UNKNOWN
Olav Rab√∏lle Nielsen,orn48245399,UNKNOWN,UNKNOWN
Nils Borring,NilsBorring,UNKNOWN,UNKNOWN
Pia T√∏rving,ptoerving,UNKNOWN,UNKNOWN
Ulrich Fredberg,UlrichFredberg,Venstre,midtjylland
vibeke syppli enrum,Vse11Vse,UNKNOWN,UNKNOWN
Mathias Frosz,MathiasDFN,UNKNOWN,UNKNOWN
Claus Bakke,ClausBakke,Venstre,sj√¶lland
Cecilie Roed Schultz,CroedS_EL,UNKNOWN,UNKNOWN
HolgerSchouRasmussen,HolgerSchouA,UNKNOWN,UNKNOWN
S√∏ren Windell,sorenwindell,Det Konservative Folkeparti,syddanmark
Aki H√∏egh-Dam,aki_hdam,UNKNOWN,UNKNOWN
Morten Skovlund,MortenSkovlund,UNKNOWN,UNKNOWN
Per B√∏dker Andersen,PerBoedker,UNKNOWN,UNKNOWN
Michele Fej√∏,FejoeMichele,UNKNOWN,UNKNOWN
Nicolaj Bang,NicolajBang,Det Konservative Folkeparti,midtjylland
Anette Mortensen,anetmort,UNKNOWN,UNKNOWN
Kenneth Bjerregaard,kbmusik88,UNKNOWN,UNKNOWN
H. Kristian Wollesen,Wollese,UNKNOWN,UNKNOWN
Lene Krabbe Dahl,LeneKrabbeDahl,Socialdemokratiet,nordjylland
Gyda Heding,GydaHeding,Enhedslisten,hovedstadan
Erik Swiatek,ErikSwiatek,UNKNOWN,UNKNOWN
Mai-Britt Beith,BeithMai,UNKNOWN,UNKNOWN
Lis Mancini,lismancini,UNKNOWN,UNKNOWN
Eva B. Mejnertz,eva_mejnertz,UNKNOWN,UNKNOWN
Flemming Erichsen,ErichsenFer,UNKNOWN,UNKNOWN
Thomas.,hav_t,Venstre,UNKNOWN
Iben S√∏nderup,SonderupIben,UNKNOWN,UNKNOWN
Carsten Kristensen,CarstenKristen1,Venstre,nordjylland
Charlotte Drue,DrueCharlotte,UNKNOWN,UNKNOWN
Ib Kristensen,BorgmesterIb,UNKNOWN,UNKNOWN
Liselotte Lynge Jensen,LiselotteLyngeJ,UNKNOWN,UNKNOWN
Randi Mondorf,RandiMondorf,Venstre,UNKNOWN
Jens Meilvang,JmMeilvang,UNKNOWN,UNKNOWN
Dan Ingemann Jensen,IngemannDj,UNKNOWN,UNKNOWN
Eea Vestergaard,Eeahaldan,UNKNOWN,UNKNOWN
Andreas Keil,AlkeilAndreas,UNKNOWN,UNKNOWN
Else Kayser,else_kayser,Enhedslisten,midtjylland
Lene Linnemann,L_Linnemann,UNKNOWN,UNKNOWN
NiclasTuran Kandemir,TuranKandemirDK,UNKNOWN,UNKNOWN
Ole Vind,OleVind,UNKNOWN,UNKNOWN
Lene Kjelgaard,lenekjelgaard,UNKNOWN,UNKNOWN
Claus M√∏rkbak H√∏jrup,claushojrup,UNKNOWN,UNKNOWN
Mira Issa Bloch,BlochMira,UNKNOWN,UNKNOWN
Thies Mathiasen,MailThies,Dansk Folkeparti,UNKNOWN
Simon H√∏jer,SimonOgPolitik,UNKNOWN,UNKNOWN
Steffen Jensen,Steffenhalsnaes,UNKNOWN,UNKNOWN
Mette Valbj√∏rn,MetteVALG,Socialdemokratiet,midtjylland
Per Bisgaard,perbisgaard,UNKNOWN,UNKNOWN
Marianne Frederik,mariannefrede20,Enhedslisten,UNKNOWN
Anders Buhl-Christen,AndersBuhl,UNKNOWN,UNKNOWN
Anny winther,AnnyWinther,UNKNOWN,UNKNOWN
Christel Gall,CgaChristel,UNKNOWN,UNKNOWN
Henning Ravn,henningravn,UNKNOWN,UNKNOWN
anja daugaard,AnjaDaugaard,UNKNOWN,UNKNOWN
Erik Nielsen,ErikNie68413878,UNKNOWN,UNKNOWN
Palle Lykke Ravn,PalleLykkeRavn,UNKNOWN,UNKNOWN
Dina Oxfeldt,OxfeldtDina,UNKNOWN,UNKNOWN
malene busk,malenebusks,UNKNOWN,UNKNOWN
Uwe Jessen,UweJessen,UNKNOWN,UNKNOWN
Sarah N√∏rris,sarah_noerris,Enhedslisten,UNKNOWN
Annie Hagel,AnnieHagel,Enhedslisten,UNKNOWN
Annemarie Knigge,AnnekAnnemarie,Socialdemokratiet,sj√¶lland
Michael Eskamp Witek,eskampwitek,UNKNOWN,UNKNOWN
Charlotte Broman M√∏l,MlCharlotte,Socialistisk Folkeparti,UNKNOWN
PGraversgaard,PGraversgaard,UNKNOWN,UNKNOWN
Anne M√∏ller Ronex,AnneMllerRonex,Radikale Venstre,sj√¶lland
Lauge Larsen (A),laugelarsenS,UNKNOWN,UNKNOWN
√Öse Kubel H√∏eg,aasekubelhoeeg,UNKNOWN,UNKNOWN
Hans Skou,HansSkou,Venstre,midtjylland
John T. Olsen,JtoOlsen,UNKNOWN,UNKNOWN
Erik N√∏rreby,ErikNrreby,UNKNOWN,UNKNOWN
Azra Hasanbegovic,hasanbegovic_6,UNKNOWN,UNKNOWN
J√∏rgen Hein,aabcollege,Radikale Venstre,nordjylland
J√∏rgen R√∏rb√¶k,Roerbak,UNKNOWN,UNKNOWN
Susanne Lundvald,LundvaldSusanne,Socialdemokratiet,sj√¶lland
Erik Harbo Larsen,ErhlErik,UNKNOWN,UNKNOWN
Susanne Dyreborg,SusDyreborg,UNKNOWN,UNKNOWN
Jan Hendeliowitz,JanHendeliowitz,Socialdemokratiet,sj√¶lland
Tobias B√∏geskov,Tobiasboegeskov,UNKNOWN,UNKNOWN
Henrik Buchhave,BuchhaveHenrik,UNKNOWN,UNKNOWN
Flemming Andersen,FlemmingVenstre,UNKNOWN,UNKNOWN
Pernille H√∏xbro,pernillehoxbro,UNKNOWN,UNKNOWN
Poul Fremmelev,PoufrP,Socialdemokratiet,UNKNOWN
Helle Sjelle,helle_sjelle,Det Konservative Folkeparti,UNKNOWN
Bente Gertz,bente_gertz,Socialdemokratiet,UNKNOWN
Erik R Gregersen,ErikRGregersen,UNKNOWN,UNKNOWN
Anders R. Laugesen,arlaugesen,UNKNOWN,UNKNOWN
Flemming Brank,BrankFlemming,UNKNOWN,UNKNOWN
Niels Lundsh√∏j (S),Gorm_Lundshoej,UNKNOWN,UNKNOWN
karen lagoni,karenlagoni,UNKNOWN,UNKNOWN
Maria Brumvig,mariabrumvig,UNKNOWN,UNKNOWN
Bruno Jerup,BrunoJerup,Enhedslisten,sj√¶lland
Steen Jakobsen,sja46297093,Venstre,midtjylland
S√∏ren Elb√¶k,SorenElbaek,UNKNOWN,UNKNOWN
Annette Randl√∏v,randlov62,Radikale Venstre,UNKNOWN
Linda Frederiksen,Lindaf_dk,UNKNOWN,UNKNOWN
claus leick,clausleick,UNKNOWN,UNKNOWN
Mogens N√∏rg√•rd,MogensNorg,UNKNOWN,UNKNOWN
martin schepelern,mschepelern,UNKNOWN,UNKNOWN
Per Skovmose,PskPer,UNKNOWN,UNKNOWN
Anna Kirsten Olesen,OlesenAnna,Socialdemokratiet,nordjylland
Petter Astrup,PetterAstrup,UNKNOWN,UNKNOWN
Kim Drejer Nielsen,KimDrejer,UNKNOWN,UNKNOWN
Annie Hagel,hagel6,Enhedslisten,UNKNOWN
S√∏ren H Lambertsen,shl1030,UNKNOWN,UNKNOWN
Jakob Ville,JakobVille,UNKNOWN,UNKNOWN
Maria Temponeras,MariaTemponeras,UNKNOWN,UNKNOWN
Susanne Buch Nielsen,susanne34684926,UNKNOWN,UNKNOWN
Nikolai Norup,NikoNorup,UNKNOWN,UNKNOWN
Lone Langballe,l_langballe,Dansk Folkeparti,midtjylland
Anja Lund,AnjaLund2,Venstre,UNKNOWN
David M. Zepernick,FondenSAA,UNKNOWN,UNKNOWN
Sanne Skougaard An..,SanneSkougaard,UNKNOWN,UNKNOWN
Evan Lynnerup,evan_lynnerup,Venstre,sj√¶lland
Ole Alsted,AlstedOle,UNKNOWN,UNKNOWN
Lene Madsen Milner,LeneMilner,Venstre,sj√¶lland
Tage Petersen,TagePetersen,Venstre,UNKNOWN
Nini Oken,NiniOken,UNKNOWN,UNKNOWN
Mette Bjerre,mette_bjerre1,Socialistisk Folkeparti,midtjylland
melanie simick,SimickMorten,UNKNOWN,UNKNOWN
Poul-Erik Svendsen,svendsen_poul,Socialdemokratiet,UNKNOWN
Medzait Ljatifi,medzait1,UNKNOWN,UNKNOWN
Niels H√∂rup,Niels_Horup,UNKNOWN,UNKNOWN
Ulla Chambless,UllaGC,UNKNOWN,UNKNOWN
Poul Erik Jensen,PoulErikJensenA,UNKNOWN,UNKNOWN
Frands Fischer,FrandsFischer,UNKNOWN,UNKNOWN
Tage Leegaard,TageLeegaard,Det Konservative Folkeparti,UNKNOWN
Vicky Bender Lorenzen,VickyLorenzen,UNKNOWN,UNKNOWN
Peder Hummelmose,PederHummelmose,UNKNOWN,UNKNOWN
Susan Hedlund,hedlund_susan,Socialdemokratiet,hovedstadan
Dorte West,DorteWest,Venstre,midtjylland
Mustapha El-Ahmad,MustaphaElAhmad,UNKNOWN,UNKNOWN
Arne Kristiansen,ArneBoelt,UNKNOWN,UNKNOWN
Finn Sander Jensen,Finnsanderjense,UNKNOWN,UNKNOWN
Mogens Nyholm,mogens_nyholm,UNKNOWN,UNKNOWN
Karsten Fogde,FogdeKarsten,Socialistisk Folkeparti,UNKNOWN
Hamlaoui Bahloul,hamlaouibahloul,UNKNOWN,UNKNOWN
J√∏rgen Ahlquist,QuistAhlquist,UNKNOWN,UNKNOWN
conny Jensen,connyJensen3,UNKNOWN,UNKNOWN
Dorthe Hecht,DortheHecht,UNKNOWN,UNKNOWN
Henrik Vall√∏,henrik_vall,UNKNOWN,UNKNOWN
Kim Hesel,KimHesel,UNKNOWN,UNKNOWN
Freja S√∂dergran,Frejasodergran,UNKNOWN,UNKNOWN
Birthe Harritz,BirtheHarritz,UNKNOWN,UNKNOWN
Trine Frengler,TrineFrengler,UNKNOWN,UNKNOWN
Michael Harb√∏ll,mharboll,UNKNOWN,UNKNOWN
ChristofferReinhardt,Reinhardt09,UNKNOWN,UNKNOWN
MortenWeiss-Pedersen,mwp14,UNKNOWN,UNKNOWN
J√∏rn Lehmann Peterse,rn_lehmann,UNKNOWN,UNKNOWN
Henning J. Nyhuus,henningnyhuus,UNKNOWN,UNKNOWN
Peter Therkildsen,TherkildsenP,UNKNOWN,UNKNOWN
Kasper Ejlertsen,KasperEjlertsen,UNKNOWN,UNKNOWN
Jette Ramskov,jetramskov,UNKNOWN,UNKNOWN
Anne Heeager,AnneHeeager,UNKNOWN,UNKNOWN
Karsten SkawboJensen,skawbojensen,UNKNOWN,UNKNOWN
Jan Hemberg Herskov,HerskovJan,UNKNOWN,UNKNOWN
liv gro jensen,liv_gro,UNKNOWN,UNKNOWN
Anders Korsb√¶k,anderskorsbaek,UNKNOWN,UNKNOWN
S√∏ren Erik  Pedersen,soerep,UNKNOWN,UNKNOWN
Leif Olsen,Leif_Olsen,UNKNOWN,UNKNOWN
Ellen Petersen,EllenPetersen18,UNKNOWN,UNKNOWN
Felex Pedersen,PedersenFelex,Socialdemokratiet,sj√¶lland
AMPJ,PalmJohansen,UNKNOWN,UNKNOWN
Christina Kj√¶rsgaard,ChristinaKjrsg2,UNKNOWN,UNKNOWN
Molle lykke nielsen,LykkeMolle,UNKNOWN,UNKNOWN
Vibeke Gamst,vibeke_gamst,UNKNOWN,UNKNOWN
Pia Moldt,piamoldt,UNKNOWN,UNKNOWN
Lars Folmann,larsfolm,Dansk Folkeparti,sj√¶lland
schlootie,schlootie,UNKNOWN,UNKNOWN
